{"qvq-max":[0.0000012,0.0000048,null,null,null],"qwen-flash":[5.0000000000000004e-8,4.0000000000000003e-7,null,null,null],"qwen-mt-turbo":[1.6e-7,4.9e-7,null,null,null],"qwen-omni-turbo":[7e-8,2.7e-7,null,null,null],"qwen-omni-turbo-realtime":[2.7e-7,0.0000010700000000000001,null,null,null],"qwen-plus-character-ja":[5e-7,0.0000014,null,null,null],"qwen-vl-max":[8.000000000000001e-7,0.0000032000000000000003,null,null,null],"qwen-vl-ocr":[7.2e-7,7.2e-7,null,null,null],"qwen2-5-14b-instruct":[3.5e-7,0.0000014,null,null,null],"qwen2-5-32b-instruct":[7e-7,0.0000028,null,null,null],"qwen2-5-72b-instruct":[0.0000014,0.0000056,null,null,null],"qwen2-5-7b-instruct":[1.75e-7,7e-7,null,null,null],"qwen2-5-omni-7b":[1.0000000000000001e-7,4.0000000000000003e-7,null,null,null],"qwen2-5-vl-72b-instruct":[0.0000028,0.000008400000000000001,null,null,null],"qwen2-5-vl-7b-instruct":[3.5e-7,0.0000010500000000000001,null,null,null],"qwen3-asr-flash":[3.5e-8,3.5e-8,null,null,null],"qwen3-coder-flash":[3e-7,0.0000015,null,null,null],"qwen3-livetranslate-flash-realtime":[0.00001,0.00001,null,null,null],"qwen3-omni-flash":[4.3e-7,0.00000166,null,null,null],"qwen3-omni-flash-realtime":[5.2e-7,0.00000199,null,null,null],"qwen3-vl-235b-a22b":[7e-7,0.0000028,null,null,null],"qwen3-vl-30b-a3b":[2.0000000000000002e-7,8.000000000000001e-7,null,null,null],"qwen3-vl-plus":[2.0000000000000002e-7,0.0000016000000000000001,null,null,null],"qwen3.5-plus":[4.0000000000000003e-7,0.0000024,null,null,null],"qwen3.6-27b":[6e-7,0.0000036000000000000003,null,null,null],"qwen3.6-35b-a3b":[2.48e-7,0.0000014850000000000002,null,null,null],"qwen3.6-flash":[1.875e-7,0.000001125,2.34375e-7,null,null],"qwen3.6-max-preview":[0.0000013,0.0000078,0.000001625,1.3e-7,null],"qwen3.7-max":[0.0000025,0.0000075,0.000003125,5e-7,null],"qwen3.7-plus":[5e-7,0.000003,6.25e-7,5.0000000000000004e-8,null],"deepseek-v3-1":[5.739999999999999e-7,0.0000017210000000000001,null,null,null],"deepseek-v3-2-exp":[2.8699999999999996e-7,4.31e-7,null,null,null],"glm-5.1":[8.7e-7,0.00000348,null,1.7000000000000001e-7,null],"moonshot-kimi-k2-instruct":[5.739999999999999e-7,0.000002294,null,null,null],"qwen-deep-research":[0.000007742,0.000023367000000000002,null,null,null],"qwen-doc-turbo":[8.7e-8,1.44e-7,null,null,null],"qwen-long":[7.2e-8,2.8699999999999996e-7,null,null,null],"qwen-math-plus":[5.739999999999999e-7,0.0000017210000000000001,null,null,null],"qwen-math-turbo":[2.8699999999999996e-7,8.61e-7,null,null,null],"qwen-plus-character":[1.1500000000000001e-7,2.8699999999999996e-7,null,null,null],"qwen2-5-coder-32b-instruct":[2.8699999999999996e-7,8.61e-7,null,null,null],"qwen2-5-coder-7b-instruct":[1.44e-7,2.8699999999999996e-7,null,null,null],"qwen2-5-math-72b-instruct":[5.739999999999999e-7,0.0000017210000000000001,null,null,null],"qwen2-5-math-7b-instruct":[1.44e-7,2.8699999999999996e-7,null,null,null],"qwen3.5-flash":[1.7199999999999998e-7,0.00000172,null,null,null],"tongyi-intent-detect-v3":[5.8e-8,1.44e-7,null,null,null],"claude-3-5-haiku-latest":[8.000000000000001e-7,0.000004,0.000001,8e-8,null],"claude-fable-5":[0.00001,0.00005,0.0000125,0.000001,null],"claude-opus-4-0":[0.000015,0.000075,0.00001875,0.0000015,null],"claude-sonnet-4-0":[0.000003,0.000015,0.00000375,3e-7,null],"command-a-plus-05-2026":[0.0000025,0.00001,null,null,null],"command-a-reasoning-08-2025":[0.0000025,0.00001,null,null,null],"command-a-translate-08-2025":[0.0000025,0.00001,null,null,null],"command-a-vision-07-2025":[0.0000025,0.00001,null,null,null],"command-r7b-arabic-02-2025":[3.75e-8,1.5e-7,null,null,null],"gemini-2.5-flash-tts":[5e-7,0.00001,null,null,null],"gemini-2.5-pro-tts":[0.000001,0.00002,null,null,null],"llama-3.3-70b-instruct-maas":[7.2e-7,7.2e-7,null,null,null],"MiniMax-M2.5-highspeed":[6e-7,0.0000024,3.75e-7,6e-8,null],"ministral-3b-latest":[4e-8,4e-8,null,null,null],"mistral-medium-2508":[4.0000000000000003e-7,0.000002,null,null,null],"mistral-medium-2604":[0.0000015,0.0000075,null,null,null],"mistral-small-2506":[1.0000000000000001e-7,3e-7,null,null,null],"mistral-small-2603":[1.5e-7,6e-7,null,null,null],"gpt-5.3-codex-spark":[0.00000175,0.000014,null,1.75e-7,null],"grok-4.20-0309-non-reasoning":[0.00000125,0.0000025,null,2.0000000000000002e-7,null],"grok-4.20-multi-agent-0309":[0.00000125,0.0000025,null,2.0000000000000002e-7,null],"grok-build-0.1":[0.000001,0.000002,null,2.0000000000000002e-7,null],"glm-4.7-flashx":[7e-8,4.0000000000000003e-7,0,1e-8,null],"glm-5v-turbo":[0.000005,0.000022,0,0.0000012,null],"claude-fable-latest":[0.00001,0.00005,0.0000125,0.000001,null],"nemotron-3-ultra-550b-a55b":[5e-7,0.0000025,null,1.5e-7,null],"step-3.7-flash":[2e-7,0.00000115,null,4e-8,null],"claude-opus-4.8-fast":[0.00001,0.00005,0.0000125,0.000001,null],"claude-opus-4.8":[0.000005,0.000025,0.00000625,5e-7,null],"claude-opus-4.7-fast":[0.00003,0.00015,0.0000375,0.000003,null],"perceptron-mk1":[1.5e-7,0.0000015,null,null,null],"ring-2.6-1t":[7.5e-8,6.25e-7,null,1.5e-8,null],"gpt-chat-latest":[0.000005,0.00003,null,5e-7,null],"granite-4.1-8b":[5e-8,1e-7,null,5e-8,null],"mistral-medium-3-5":[0.0000015,0.0000075,null,null,null],"claude-haiku-latest":[0.000001,0.000005,0.00000125,1e-7,null],"gpt-mini-latest":[7.5e-7,0.0000045,null,7.5e-8,null],"claude-sonnet-latest":[0.000003,0.000015,0.00000375,3e-7,null],"gpt-latest":[0.000005,0.00003,null,5e-7,null],"ling-2.6-1t":[7.5e-8,6.25e-7,null,1.5e-8,null],"hy3-preview":[6.3e-8,2.1e-7,null,2.1e-8,null],"gpt-5.4-image-2":[0.000008,0.000015,null,0.000002,null],"ling-2.6-flash":[1e-8,3e-8,null,2e-9,null],"claude-opus-latest":[0.000005,0.000025,0.00000625,5e-7,null],"claude-opus-4.6-fast":[0.00003,0.00015,0.0000375,0.000003,null],"gemma-4-26b-a4b-it":[6e-8,3.3e-7,null,null,null],"gemma-4-31b-it":[1.2e-7,3.6e-7,null,9e-8,null],"trinity-large-thinking":[2.2e-7,8.5e-7,null,6e-8,null],"grok-4.20-multi-agent":[0.000002,0.000006,null,2e-7,null],"grok-4.20":[0.00000125,0.0000025,null,2e-7,null],"kat-coder-pro-v2":[3e-7,0.0000012,null,6e-8,null],"reka-edge":[1e-7,1e-7,null,null,null],"glm-5-turbo":[0.0000012,0.000004,null,2.4e-7,null],"nemotron-3-super-120b-a12b":[9e-8,4.5e-7,null,null,null],"seed-2.0-lite":[2.5e-7,0.000002,null,null,null],"qwen3.5-9b":[1e-7,1.5e-7,null,null,null],"seed-2.0-mini":[1e-7,4e-7,null,null,null],"lfm-2-24b-a2b":[3e-8,1.2e-7,null,null,null],"aion-2.0":[8e-7,0.0000016,null,2e-7,null],"qwen3-max-thinking":[7.8e-7,0.0000039,null,null,null],"qwen3-coder-next":[1.1e-7,8e-7,null,7e-8,null],"step-3.5-flash":[9e-8,3e-7,null,2e-8,null],"solar-pro-3":[1.5e-7,6e-7,null,1.5e-8,null],"minimax-m2-her":[3e-7,0.0000012,null,3e-8,null],"palmyra-x5":[6e-7,0.000006,null,null,null],"seed-1.6-flash":[7.5e-8,3e-7,null,null,null],"seed-1.6":[2.5e-7,0.000002,null,null,null],"nemotron-3-nano-30b-a3b":[5e-8,2e-7,null,null,null],"relace-search":[0.000001,0.000003,null,null,null],"rnj-1-instruct":[1.5e-7,1.5e-7,null,null,null],"nova-2-lite-v1":[3e-7,0.0000025,null,null,null],"trinity-mini":[4.5e-8,1.5e-7,null,null,null],"intellect-3":[2e-7,0.0000011,null,null,null],"cogito-v2.1-671b":[0.00000125,0.00000125,null,null,null],"sonar-pro-search":[0.000003,0.000015,null,null,null],"voxtral-small-24b-2507":[1e-7,3e-7,null,1e-8,null],"granite-4.0-h-micro":[1.7e-8,1.12e-7,null,null,null],"gpt-5-image-mini":[0.0000025,0.000002,null,2.5e-7,null],"qwen3-vl-8b-thinking":[1.17e-7,0.000001365,null,null,null],"gpt-5-image":[0.00001,0.00001,null,0.00000125,null],"cydonia-24b-v4.1":[3e-7,5e-7,null,1.5e-7,null],"relace-apply-3":[8.5e-7,0.00000125,null,null,null],"qwen-plus-2025-07-28:thinking":[2.6e-7,7.8e-7,3.25e-7,null,null],"qwen-plus-2025-07-28":[2.6e-7,7.8e-7,null,null,null],"nemotron-nano-9b-v2":[4e-8,1.6e-7,null,null,null],"hermes-4-70b":[1.3e-7,4e-7,null,null,null],"hermes-4-405b":[0.000001,0.000003,null,null,null],"mistral-medium-3.1":[4e-7,0.000002,null,4e-8,null],"glm-4-32b":[1e-7,1e-7,null,null,null],"hunyuan-a13b-instruct":[1.4e-7,5.7e-7,null,null,null],"minimax-m1":[4e-7,0.0000022,null,null,null],